metric_name,timestamp,metric_value,check,error,error_code,expected_response,group,method,name,proto,scenario,service,status,subproto,tls_version,url,extra_tags
http_reqs,1622466870,1.000000,,,,true,,GET,http://test.k6.io,HTTP/1.1,scenario_callK6,,200,,,http://test.k6.io,
http_req_duration,1622466870,133.487000,,,,true,,GET,http://test.k6.io,HTTP/1.1,scenario_callK6,,200,,,http://test.k6.io,
http_req_blocked,1622466870,162.467000,,,,true,,GET,http://test.k6.io,HTTP/1.1,scenario_callK6,,200,,,http://test.k6.io,
http_req_connecting,1622466870,125.492000,,,,true,,GET,http://test.k6.io,HTTP/1.1,scenario_callK6,,200,,,http://test.k6.io,
http_req_tls_handshaking,1622466870,0.000000,,,,true,,GET,http://test.k6.io,HTTP/1.1,scenario_callK6,,200,,,http://test.k6.io,
http_req_sending,1622466870,0.073000,,,,true,,GET,http://test.k6.io,HTTP/1.1,scenario_callK6,,200,,,http://test.k6.io,
http_req_waiting,1622466870,131.129000,,,,true,,GET,http://test.k6.io,HTTP/1.1,scenario_callK6,,200,,,http://test.k6.io,
http_req_receiving,1622466870,2.285000,,,,true,,GET,http://test.k6.io,HTTP/1.1,scenario_callK6,,200,,,http://test.k6.io,
http_req_failed,1622466870,0.000000,,,,true,,GET,http://test.k6.io,HTTP/1.1,scenario_callK6,,200,,,http://test.k6.io,
data_sent,1622466870,76.000000,,,,,,,,,scenario_callK6,,,,,,
data_received,1622466870,11321.000000,,,,,,,,,scenario_callK6,,,,,,
iteration_duration,1622466870,296.341583,,,,,,,,,scenario_callK6,,,,,,
iterations,1622466870,1.000000,,,,,,,,,scenario_callK6,,,,,,
http_reqs,1622466871,1.000000,,,,true,,GET,http://test.k6.io,HTTP/1.1,scenario_callK6,,200,,,http://test.k6.io,
http_req_duration,1622466871,139.708000,,,,true,,GET,http://test.k6.io,HTTP/1.1,scenario_callK6,,200,,,http://test.k6.io,
http_req_blocked,1622466871,0.007000,,,,true,,GET,http://test.k6.io,HTTP/1.1,scenario_callK6,,200,,,http://test.k6.io,
http_req_connecting,1622466871,0.000000,,,,true,,GET,http://test.k6.io,HTTP/1.1,scenario_callK6,,200,,,http://test.k6.io,
http_req_tls_handshaking,1622466871,0.000000,,,,true,,GET,http://test.k6.io,HTTP/1.1,scenario_callK6,,200,,,http://test.k6.io,
http_req_sending,1622466871,0.038000,,,,true,,GET,http://test.k6.io,HTTP/1.1,scenario_callK6,,200,,,http://test.k6.io,
http_req_waiting,1622466871,126.011000,,,,true,,GET,http://test.k6.io,HTTP/1.1,scenario_callK6,,200,,,http://test.k6.io,
http_req_receiving,1622466871,13.659000,,,,true,,GET,http://test.k6.io,HTTP/1.1,scenario_callK6,,200,,,http://test.k6.io,
http_req_failed,1622466871,0.000000,,,,true,,GET,http://test.k6.io,HTTP/1.1,scenario_callK6,,200,,,http://test.k6.io,
data_sent,1622466871,76.000000,,,,,,,,,scenario_callK6,,,,,,
data_received,1622466871,11315.000000,,,,,,,,,scenario_callK6,,,,,,
iteration_duration,1622466871,139.900083,,,,,,,,,scenario_callK6,,,,,,
iterations,1622466871,1.000000,,,,,,,,,scenario_callK6,,,,,,
http_reqs,1622466871,1.000000,,,,true,,GET,http://test.k6.io,HTTP/1.1,scenario_callK6,,200,,,http://test.k6.io,
http_req_duration,1622466871,131.938000,,,,true,,GET,http://test.k6.io,HTTP/1.1,scenario_callK6,,200,,,http://test.k6.io,
http_req_blocked,1622466871,0.005000,,,,true,,GET,http://test.k6.io,HTTP/1.1,scenario_callK6,,200,,,http://test.k6.io,
http_req_connecting,1622466871,0.000000,,,,true,,GET,http://test.k6.io,HTTP/1.1,scenario_callK6,,200,,,http://test.k6.io,
http_req_tls_handshaking,1622466871,0.000000,,,,true,,GET,http://test.k6.io,HTTP/1.1,scenario_callK6,,200,,,http://test.k6.io,
http_req_sending,1622466871,0.028000,,,,true,,GET,http://test.k6.io,HTTP/1.1,scenario_callK6,,200,,,http://test.k6.io,
http_req_waiting,1622466871,126.130000,,,,true,,GET,http://test.k6.io,HTTP/1.1,scenario_callK6,,200,,,http://test.k6.io,
http_req_receiving,1622466871,5.780000,,,,true,,GET,http://test.k6.io,HTTP/1.1,scenario_callK6,,200,,,http://test.k6.io,
http_req_failed,1622466871,0.000000,,,,true,,GET,http://test.k6.io,HTTP/1.1,scenario_callK6,,200,,,http://test.k6.io,
data_sent,1622466871,76.000000,,,,,,,,,scenario_callK6,,,,,,
data_received,1622466871,11315.000000,,,,,,,,,scenario_callK6,,,,,,
iteration_duration,1622466871,132.124833,,,,,,,,,scenario_callK6,,,,,,
iterations,1622466871,1.000000,,,,,,,,,scenario_callK6,,,,,,
http_reqs,1622466871,1.000000,,,,true,,GET,http://test.k6.io,HTTP/1.1,scenario_callK6,,200,,,http://test.k6.io,
http_req_duration,1622466871,137.198000,,,,true,,GET,http://test.k6.io,HTTP/1.1,scenario_callK6,,200,,,http://test.k6.io,
http_req_blocked,1622466871,0.005000,,,,true,,GET,http://test.k6.io,HTTP/1.1,scenario_callK6,,200,,,http://test.k6.io,
http_req_connecting,1622466871,0.000000,,,,true,,GET,http://test.k6.io,HTTP/1.1,scenario_callK6,,200,,,http://test.k6.io,
http_req_tls_handshaking,1622466871,0.000000,,,,true,,GET,http://test.k6.io,HTTP/1.1,scenario_callK6,,200,,,http://test.k6.io,
http_req_sending,1622466871,0.028000,,,,true,,GET,http://test.k6.io,HTTP/1.1,scenario_callK6,,200,,,http://test.k6.io,
http_req_waiting,1622466871,133.240000,,,,true,,GET,http://test.k6.io,HTTP/1.1,scenario_callK6,,200,,,http://test.k6.io,
http_req_receiving,1622466871,3.930000,,,,true,,GET,http://test.k6.io,HTTP/1.1,scenario_callK6,,200,,,http://test.k6.io,
http_req_failed,1622466871,0.000000,,,,true,,GET,http://test.k6.io,HTTP/1.1,scenario_callK6,,200,,,http://test.k6.io,
data_sent,1622466871,76.000000,,,,,,,,,scenario_callK6,,,,,,
data_received,1622466871,11321.000000,,,,,,,,,scenario_callK6,,,,,,
iteration_duration,1622466871,137.343250,,,,,,,,,scenario_callK6,,,,,,
iterations,1622466871,1.000000,,,,,,,,,scenario_callK6,,,,,,
http_reqs,1622466871,1.000000,,,,true,,GET,http://test.k6.io,HTTP/1.1,scenario_callK6,,200,,,http://test.k6.io,
http_req_duration,1622466871,136.825000,,,,true,,GET,http://test.k6.io,HTTP/1.1,scenario_callK6,,200,,,http://test.k6.io,
http_req_blocked,1622466871,0.003000,,,,true,,GET,http://test.k6.io,HTTP/1.1,scenario_callK6,,200,,,http://test.k6.io,
http_req_connecting,1622466871,0.000000,,,,true,,GET,http://test.k6.io,HTTP/1.1,scenario_callK6,,200,,,http://test.k6.io,
http_req_tls_handshaking,1622466871,0.000000,,,,true,,GET,http://test.k6.io,HTTP/1.1,scenario_callK6,,200,,,http://test.k6.io,
http_req_sending,1622466871,0.020000,,,,true,,GET,http://test.k6.io,HTTP/1.1,scenario_callK6,,200,,,http://test.k6.io,
http_req_waiting,1622466871,136.540000,,,,true,,GET,http://test.k6.io,HTTP/1.1,scenario_callK6,,200,,,http://test.k6.io,
http_req_receiving,1622466871,0.265000,,,,true,,GET,http://test.k6.io,HTTP/1.1,scenario_callK6,,200,,,http://test.k6.io,
http_req_failed,1622466871,0.000000,,,,true,,GET,http://test.k6.io,HTTP/1.1,scenario_callK6,,200,,,http://test.k6.io,
data_sent,1622466871,76.000000,,,,,,,,,scenario_callK6,,,,,,
data_received,1622466871,11315.000000,,,,,,,,,scenario_callK6,,,,,,
iteration_duration,1622466871,136.999667,,,,,,,,,scenario_callK6,,,,,,
iterations,1622466871,1.000000,,,,,,,,,scenario_callK6,,,,,,
http_reqs,1622466871,1.000000,,,,true,,GET,http://test.k6.io,HTTP/1.1,scenario_callK6,,200,,,http://test.k6.io,
http_req_duration,1622466871,131.544000,,,,true,,GET,http://test.k6.io,HTTP/1.1,scenario_callK6,,200,,,http://test.k6.io,
http_req_blocked,1622466871,0.012000,,,,true,,GET,http://test.k6.io,HTTP/1.1,scenario_callK6,,200,,,http://test.k6.io,
http_req_connecting,1622466871,0.000000,,,,true,,GET,http://test.k6.io,HTTP/1.1,scenario_callK6,,200,,,http://test.k6.io,
http_req_tls_handshaking,1622466871,0.000000,,,,true,,GET,http://test.k6.io,HTTP/1.1,scenario_callK6,,200,,,http://test.k6.io,
http_req_sending,1622466871,0.041000,,,,true,,GET,http://test.k6.io,HTTP/1.1,scenario_callK6,,200,,,http://test.k6.io,
http_req_waiting,1622466871,125.974000,,,,true,,GET,http://test.k6.io,HTTP/1.1,scenario_callK6,,200,,,http://test.k6.io,
http_req_receiving,1622466871,5.529000,,,,true,,GET,http://test.k6.io,HTTP/1.1,scenario_callK6,,200,,,http://test.k6.io,
http_req_failed,1622466871,0.000000,,,,true,,GET,http://test.k6.io,HTTP/1.1,scenario_callK6,,200,,,http://test.k6.io,
data_sent,1622466871,76.000000,,,,,,,,,scenario_callK6,,,,,,
data_received,1622466871,11315.000000,,,,,,,,,scenario_callK6,,,,,,
iteration_duration,1622466871,131.838000,,,,,,,,,scenario_callK6,,,,,,
iterations,1622466871,1.000000,,,,,,,,,scenario_callK6,,,,,,
vus,1622466871,1.000000,,,,,,,,,,,,,,,
vus_max,1622466871,12.000000,,,,,,,,,,,,,,,
http_reqs,1622466871,1.000000,,,,true,,GET,http://test.k6.io,HTTP/1.1,scenario_callK6,,200,,,http://test.k6.io,
http_req_duration,1622466871,131.887000,,,,true,,GET,http://test.k6.io,HTTP/1.1,scenario_callK6,,200,,,http://test.k6.io,
http_req_blocked,1622466871,0.008000,,,,true,,GET,http://test.k6.io,HTTP/1.1,scenario_callK6,,200,,,http://test.k6.io,
http_req_connecting,1622466871,0.000000,,,,true,,GET,http://test.k6.io,HTTP/1.1,scenario_callK6,,200,,,http://test.k6.io,
http_req_tls_handshaking,1622466871,0.000000,,,,true,,GET,http://test.k6.io,HTTP/1.1,scenario_callK6,,200,,,http://test.k6.io,
http_req_sending,1622466871,0.054000,,,,true,,GET,http://test.k6.io,HTTP/1.1,scenario_callK6,,200,,,http://test.k6.io,
http_req_waiting,1622466871,128.813000,,,,true,,GET,http://test.k6.io,HTTP/1.1,scenario_callK6,,200,,,http://test.k6.io,
http_req_receiving,1622466871,3.020000,,,,true,,GET,http://test.k6.io,HTTP/1.1,scenario_callK6,,200,,,http://test.k6.io,
http_req_failed,1622466871,0.000000,,,,true,,GET,http://test.k6.io,HTTP/1.1,scenario_callK6,,200,,,http://test.k6.io,
data_sent,1622466871,76.000000,,,,,,,,,scenario_callK6,,,,,,
data_received,1622466871,11315.000000,,,,,,,,,scenario_callK6,,,,,,
iteration_duration,1622466871,132.205084,,,,,,,,,scenario_callK6,,,,,,
iterations,1622466871,1.000000,,,,,,,,,scenario_callK6,,,,,,
http_reqs,1622466871,1.000000,,,,true,,GET,http://test.k6.io,HTTP/1.1,scenario_callK6,,200,,,http://test.k6.io,
http_req_duration,1622466871,131.581000,,,,true,,GET,http://test.k6.io,HTTP/1.1,scenario_callK6,,200,,,http://test.k6.io,
http_req_blocked,1622466871,0.011000,,,,true,,GET,http://test.k6.io,HTTP/1.1,scenario_callK6,,200,,,http://test.k6.io,
http_req_connecting,1622466871,0.000000,,,,true,,GET,http://test.k6.io,HTTP/1.1,scenario_callK6,,200,,,http://test.k6.io,
http_req_tls_handshaking,1622466871,0.000000,,,,true,,GET,http://test.k6.io,HTTP/1.1,scenario_callK6,,200,,,http://test.k6.io,
http_req_sending,1622466871,0.053000,,,,true,,GET,http://test.k6.io,HTTP/1.1,scenario_callK6,,200,,,http://test.k6.io,
http_req_waiting,1622466871,127.866000,,,,true,,GET,http://test.k6.io,HTTP/1.1,scenario_callK6,,200,,,http://test.k6.io,
http_req_receiving,1622466871,3.662000,,,,true,,GET,http://test.k6.io,HTTP/1.1,scenario_callK6,,200,,,http://test.k6.io,
http_req_failed,1622466871,0.000000,,,,true,,GET,http://test.k6.io,HTTP/1.1,scenario_callK6,,200,,,http://test.k6.io,
data_sent,1622466871,76.000000,,,,,,,,,scenario_callK6,,,,,,
data_received,1622466871,11321.000000,,,,,,,,,scenario_callK6,,,,,,
iteration_duration,1622466871,131.846375,,,,,,,,,scenario_callK6,,,,,,
iterations,1622466871,1.000000,,,,,,,,,scenario_callK6,,,,,,
http_reqs,1622466871,1.000000,,,,true,,GET,http://test.k6.io,HTTP/1.1,scenario_callK6,,200,,,http://test.k6.io,
http_req_duration,1622466871,130.161000,,,,true,,GET,http://test.k6.io,HTTP/1.1,scenario_callK6,,200,,,http://test.k6.io,
http_req_blocked,1622466871,0.003000,,,,true,,GET,http://test.k6.io,HTTP/1.1,scenario_callK6,,200,,,http://test.k6.io,
http_req_connecting,1622466871,0.000000,,,,true,,GET,http://test.k6.io,HTTP/1.1,scenario_callK6,,200,,,http://test.k6.io,
http_req_tls_handshaking,1622466871,0.000000,,,,true,,GET,http://test.k6.io,HTTP/1.1,scenario_callK6,,200,,,http://test.k6.io,
http_req_sending,1622466871,0.016000,,,,true,,GET,http://test.k6.io,HTTP/1.1,scenario_callK6,,200,,,http://test.k6.io,
http_req_waiting,1622466871,126.999000,,,,true,,GET,http://test.k6.io,HTTP/1.1,scenario_callK6,,200,,,http://test.k6.io,
http_req_receiving,1622466871,3.146000,,,,true,,GET,http://test.k6.io,HTTP/1.1,scenario_callK6,,200,,,http://test.k6.io,
http_req_failed,1622466871,0.000000,,,,true,,GET,http://test.k6.io,HTTP/1.1,scenario_callK6,,200,,,http://test.k6.io,
data_sent,1622466871,76.000000,,,,,,,,,scenario_callK6,,,,,,
data_received,1622466871,11322.000000,,,,,,,,,scenario_callK6,,,,,,
iteration_duration,1622466871,130.252208,,,,,,,,,scenario_callK6,,,,,,
iterations,1622466871,1.000000,,,,,,,,,scenario_callK6,,,,,,
http_reqs,1622466872,1.000000,,,,true,,GET,http://test.k6.io,HTTP/1.1,scenario_callK6,,200,,,http://test.k6.io,
http_req_duration,1622466872,128.186000,,,,true,,GET,http://test.k6.io,HTTP/1.1,scenario_callK6,,200,,,http://test.k6.io,
http_req_blocked,1622466872,0.003000,,,,true,,GET,http://test.k6.io,HTTP/1.1,scenario_callK6,,200,,,http://test.k6.io,
http_req_connecting,1622466872,0.000000,,,,true,,GET,http://test.k6.io,HTTP/1.1,scenario_callK6,,200,,,http://test.k6.io,
http_req_tls_handshaking,1622466872,0.000000,,,,true,,GET,http://test.k6.io,HTTP/1.1,scenario_callK6,,200,,,http://test.k6.io,
http_req_sending,1622466872,0.012000,,,,true,,GET,http://test.k6.io,HTTP/1.1,scenario_callK6,,200,,,http://test.k6.io,
http_req_waiting,1622466872,127.978000,,,,true,,GET,http://test.k6.io,HTTP/1.1,scenario_callK6,,200,,,http://test.k6.io,
http_req_receiving,1622466872,0.196000,,,,true,,GET,http://test.k6.io,HTTP/1.1,scenario_callK6,,200,,,http://test.k6.io,
http_req_failed,1622466872,0.000000,,,,true,,GET,http://test.k6.io,HTTP/1.1,scenario_callK6,,200,,,http://test.k6.io,
data_sent,1622466872,76.000000,,,,,,,,,scenario_callK6,,,,,,
data_received,1622466872,11321.000000,,,,,,,,,scenario_callK6,,,,,,
iteration_duration,1622466872,128.323625,,,,,,,,,scenario_callK6,,,,,,
iterations,1622466872,1.000000,,,,,,,,,scenario_callK6,,,,,,
vus,1622466872,0.000000,,,,,,,,,,,,,,,
vus_max,1622466872,12.000000,,,,,,,,,,,,,,,
http_reqs,1622466872,1.000000,,,,true,,GET,http://google.com,HTTP/1.1,scenario_callGoogle_1,,301,,,http://google.com,
http_req_duration,1622466872,65.320000,,,,true,,GET,http://google.com,HTTP/1.1,scenario_callGoogle_1,,301,,,http://google.com,
http_req_blocked,1622466872,58.631000,,,,true,,GET,http://google.com,HTTP/1.1,scenario_callGoogle_1,,301,,,http://google.com,
http_req_connecting,1622466872,32.841000,,,,true,,GET,http://google.com,HTTP/1.1,scenario_callGoogle_1,,301,,,http://google.com,
http_req_tls_handshaking,1622466872,0.000000,,,,true,,GET,http://google.com,HTTP/1.1,scenario_callGoogle_1,,301,,,http://google.com,
http_req_sending,1622466872,0.059000,,,,true,,GET,http://google.com,HTTP/1.1,scenario_callGoogle_1,,301,,,http://google.com,
http_req_waiting,1622466872,65.078000,,,,true,,GET,http://google.com,HTTP/1.1,scenario_callGoogle_1,,301,,,http://google.com,
http_req_receiving,1622466872,0.183000,,,,true,,GET,http://google.com,HTTP/1.1,scenario_callGoogle_1,,301,,,http://google.com,
http_req_failed,1622466872,0.000000,,,,true,,GET,http://google.com,HTTP/1.1,scenario_callGoogle_1,,301,,,http://google.com,
http_reqs,1622466872,1.000000,,,,true,,GET,http://www.google.com/,HTTP/1.1,scenario_callGoogle_1,,200,,,http://www.google.com/,
http_req_duration,1622466872,114.144000,,,,true,,GET,http://www.google.com/,HTTP/1.1,scenario_callGoogle_1,,200,,,http://www.google.com/,
http_req_blocked,1622466872,32.971000,,,,true,,GET,http://www.google.com/,HTTP/1.1,scenario_callGoogle_1,,200,,,http://www.google.com/,
http_req_connecting,1622466872,31.480000,,,,true,,GET,http://www.google.com/,HTTP/1.1,scenario_callGoogle_1,,200,,,http://www.google.com/,
http_req_tls_handshaking,1622466872,0.000000,,,,true,,GET,http://www.google.com/,HTTP/1.1,scenario_callGoogle_1,,200,,,http://www.google.com/,
http_req_sending,1622466872,0.146000,,,,true,,GET,http://www.google.com/,HTTP/1.1,scenario_callGoogle_1,,200,,,http://www.google.com/,
http_req_waiting,1622466872,80.305000,,,,true,,GET,http://www.google.com/,HTTP/1.1,scenario_callGoogle_1,,200,,,http://www.google.com/,
http_req_receiving,1622466872,33.693000,,,,true,,GET,http://www.google.com/,HTTP/1.1,scenario_callGoogle_1,,200,,,http://www.google.com/,
http_req_failed,1622466872,0.000000,,,,true,,GET,http://www.google.com/,HTTP/1.1,scenario_callGoogle_1,,200,,,http://www.google.com/,
data_sent,1622466872,184.000000,,,,,,,,,scenario_callGoogle_1,,,,,,
data_received,1622466872,15880.000000,,,,,,,,,scenario_callGoogle_1,,,,,,
iteration_duration,1622466872,271.729000,,,,,,,,,scenario_callGoogle_1,,,,,,
iterations,1622466872,1.000000,,,,,,,,,scenario_callGoogle_1,,,,,,
http_reqs,1622466872,1.000000,,,,true,,GET,http://google.com,HTTP/1.1,scenario_callGoogle_1,,301,,,http://google.com,
http_req_duration,1622466872,61.346000,,,,true,,GET,http://google.com,HTTP/1.1,scenario_callGoogle_1,,301,,,http://google.com,
http_req_blocked,1622466872,0.004000,,,,true,,GET,http://google.com,HTTP/1.1,scenario_callGoogle_1,,301,,,http://google.com,
http_req_connecting,1622466872,0.000000,,,,true,,GET,http://google.com,HTTP/1.1,scenario_callGoogle_1,,301,,,http://google.com,
http_req_tls_handshaking,1622466872,0.000000,,,,true,,GET,http://google.com,HTTP/1.1,scenario_callGoogle_1,,301,,,http://google.com,
http_req_sending,1622466872,0.019000,,,,true,,GET,http://google.com,HTTP/1.1,scenario_callGoogle_1,,301,,,http://google.com,
http_req_waiting,1622466872,61.286000,,,,true,,GET,http://google.com,HTTP/1.1,scenario_callGoogle_1,,301,,,http://google.com,
http_req_receiving,1622466872,0.041000,,,,true,,GET,http://google.com,HTTP/1.1,scenario_callGoogle_1,,301,,,http://google.com,
http_req_failed,1622466872,0.000000,,,,true,,GET,http://google.com,HTTP/1.1,scenario_callGoogle_1,,301,,,http://google.com,
http_reqs,1622466873,1.000000,,,,true,,GET,http://www.google.com/,HTTP/1.1,scenario_callGoogle_1,,200,,,http://www.google.com/,
http_req_duration,1622466873,108.939000,,,,true,,GET,http://www.google.com/,HTTP/1.1,scenario_callGoogle_1,,200,,,http://www.google.com/,
http_req_blocked,1622466873,0.002000,,,,true,,GET,http://www.google.com/,HTTP/1.1,scenario_callGoogle_1,,200,,,http://www.google.com/,
http_req_connecting,1622466873,0.000000,,,,true,,GET,http://www.google.com/,HTTP/1.1,scenario_callGoogle_1,,200,,,http://www.google.com/,
http_req_tls_handshaking,1622466873,0.000000,,,,true,,GET,http://www.google.com/,HTTP/1.1,scenario_callGoogle_1,,200,,,http://www.google.com/,
http_req_sending,1622466873,0.011000,,,,true,,GET,http://www.google.com/,HTTP/1.1,scenario_callGoogle_1,,200,,,http://www.google.com/,
http_req_waiting,1622466873,86.695000,,,,true,,GET,http://www.google.com/,HTTP/1.1,scenario_callGoogle_1,,200,,,http://www.google.com/,
http_req_receiving,1622466873,22.233000,,,,true,,GET,http://www.google.com/,HTTP/1.1,scenario_callGoogle_1,,200,,,http://www.google.com/,
http_req_failed,1622466873,0.000000,,,,true,,GET,http://www.google.com/,HTTP/1.1,scenario_callGoogle_1,,200,,,http://www.google.com/,
data_sent,1622466873,184.000000,,,,,,,,,scenario_callGoogle_1,,,,,,
data_received,1622466873,15054.000000,,,,,,,,,scenario_callGoogle_1,,,,,,
iteration_duration,1622466873,170.411541,,,,,,,,,scenario_callGoogle_1,,,,,,
iterations,1622466873,1.000000,,,,,,,,,scenario_callGoogle_1,,,,,,
http_reqs,1622466873,1.000000,,,,true,,GET,http://google.com,HTTP/1.1,scenario_callGoogle_1,,301,,,http://google.com,
http_req_duration,1622466873,61.113000,,,,true,,GET,http://google.com,HTTP/1.1,scenario_callGoogle_1,,301,,,http://google.com,
http_req_blocked,1622466873,0.001000,,,,true,,GET,http://google.com,HTTP/1.1,scenario_callGoogle_1,,301,,,http://google.com,
http_req_connecting,1622466873,0.000000,,,,true,,GET,http://google.com,HTTP/1.1,scenario_callGoogle_1,,301,,,http://google.com,
http_req_tls_handshaking,1622466873,0.000000,,,,true,,GET,http://google.com,HTTP/1.1,scenario_callGoogle_1,,301,,,http://google.com,
http_req_sending,1622466873,0.010000,,,,true,,GET,http://google.com,HTTP/1.1,scenario_callGoogle_1,,301,,,http://google.com,
http_req_waiting,1622466873,61.068000,,,,true,,GET,http://google.com,HTTP/1.1,scenario_callGoogle_1,,301,,,http://google.com,
http_req_receiving,1622466873,0.035000,,,,true,,GET,http://google.com,HTTP/1.1,scenario_callGoogle_1,,301,,,http://google.com,
http_req_failed,1622466873,0.000000,,,,true,,GET,http://google.com,HTTP/1.1,scenario_callGoogle_1,,301,,,http://google.com,
http_reqs,1622466873,1.000000,,,,true,,GET,http://www.google.com/,HTTP/1.1,scenario_callGoogle_1,,200,,,http://www.google.com/,
http_req_duration,1622466873,95.589000,,,,true,,GET,http://www.google.com/,HTTP/1.1,scenario_callGoogle_1,,200,,,http://www.google.com/,
http_req_blocked,1622466873,0.002000,,,,true,,GET,http://www.google.com/,HTTP/1.1,scenario_callGoogle_1,,200,,,http://www.google.com/,
http_req_connecting,1622466873,0.000000,,,,true,,GET,http://www.google.com/,HTTP/1.1,scenario_callGoogle_1,,200,,,http://www.google.com/,
http_req_tls_handshaking,1622466873,0.000000,,,,true,,GET,http://www.google.com/,HTTP/1.1,scenario_callGoogle_1,,200,,,http://www.google.com/,
http_req_sending,1622466873,0.009000,,,,true,,GET,http://www.google.com/,HTTP/1.1,scenario_callGoogle_1,,200,,,http://www.google.com/,
http_req_waiting,1622466873,87.464000,,,,true,,GET,http://www.google.com/,HTTP/1.1,scenario_callGoogle_1,,200,,,http://www.google.com/,
http_req_receiving,1622466873,8.116000,,,,true,,GET,http://www.google.com/,HTTP/1.1,scenario_callGoogle_1,,200,,,http://www.google.com/,
http_req_failed,1622466873,0.000000,,,,true,,GET,http://www.google.com/,HTTP/1.1,scenario_callGoogle_1,,200,,,http://www.google.com/,
data_sent,1622466873,184.000000,,,,,,,,,scenario_callGoogle_1,,,,,,
data_received,1622466873,15036.000000,,,,,,,,,scenario_callGoogle_1,,,,,,
iteration_duration,1622466873,156.793542,,,,,,,,,scenario_callGoogle_1,,,,,,
iterations,1622466873,1.000000,,,,,,,,,scenario_callGoogle_1,,,,,,
http_reqs,1622466873,1.000000,,,,true,,GET,http://google.com,HTTP/1.1,scenario_callGoogle_1,,301,,,http://google.com,
http_req_duration,1622466873,51.908000,,,,true,,GET,http://google.com,HTTP/1.1,scenario_callGoogle_1,,301,,,http://google.com,
http_req_blocked,1622466873,0.003000,,,,true,,GET,http://google.com,HTTP/1.1,scenario_callGoogle_1,,301,,,http://google.com,
http_req_connecting,1622466873,0.000000,,,,true,,GET,http://google.com,HTTP/1.1,scenario_callGoogle_1,,301,,,http://google.com,
http_req_tls_handshaking,1622466873,0.000000,,,,true,,GET,http://google.com,HTTP/1.1,scenario_callGoogle_1,,301,,,http://google.com,
http_req_sending,1622466873,0.013000,,,,true,,GET,http://google.com,HTTP/1.1,scenario_callGoogle_1,,301,,,http://google.com,
http_req_waiting,1622466873,51.842000,,,,true,,GET,http://google.com,HTTP/1.1,scenario_callGoogle_1,,301,,,http://google.com,
http_req_receiving,1622466873,0.053000,,,,true,,GET,http://google.com,HTTP/1.1,scenario_callGoogle_1,,301,,,http://google.com,
http_req_failed,1622466873,0.000000,,,,true,,GET,http://google.com,HTTP/1.1,scenario_callGoogle_1,,301,,,http://google.com,
http_reqs,1622466873,1.000000,,,,true,,GET,http://www.google.com/,HTTP/1.1,scenario_callGoogle_1,,200,,,http://www.google.com/,
http_req_duration,1622466873,87.435000,,,,true,,GET,http://www.google.com/,HTTP/1.1,scenario_callGoogle_1,,200,,,http://www.google.com/,
http_req_blocked,1622466873,0.002000,,,,true,,GET,http://www.google.com/,HTTP/1.1,scenario_callGoogle_1,,200,,,http://www.google.com/,
http_req_connecting,1622466873,0.000000,,,,true,,GET,http://www.google.com/,HTTP/1.1,scenario_callGoogle_1,,200,,,http://www.google.com/,
http_req_tls_handshaking,1622466873,0.000000,,,,true,,GET,http://www.google.com/,HTTP/1.1,scenario_callGoogle_1,,200,,,http://www.google.com/,
http_req_sending,1622466873,0.009000,,,,true,,GET,http://www.google.com/,HTTP/1.1,scenario_callGoogle_1,,200,,,http://www.google.com/,
http_req_waiting,1622466873,78.282000,,,,true,,GET,http://www.google.com/,HTTP/1.1,scenario_callGoogle_1,,200,,,http://www.google.com/,
http_req_receiving,1622466873,9.144000,,,,true,,GET,http://www.google.com/,HTTP/1.1,scenario_callGoogle_1,,200,,,http://www.google.com/,
http_req_failed,1622466873,0.000000,,,,true,,GET,http://www.google.com/,HTTP/1.1,scenario_callGoogle_1,,200,,,http://www.google.com/,
data_sent,1622466873,184.000000,,,,,,,,,scenario_callGoogle_1,,,,,,
data_received,1622466873,15052.000000,,,,,,,,,scenario_callGoogle_1,,,,,,
iteration_duration,1622466873,139.450000,,,,,,,,,scenario_callGoogle_1,,,,,,
iterations,1622466873,1.000000,,,,,,,,,scenario_callGoogle_1,,,,,,
http_reqs,1622466873,1.000000,,,,true,,GET,http://google.com,HTTP/1.1,scenario_callGoogle_1,,301,,,http://google.com,
http_req_duration,1622466873,50.118000,,,,true,,GET,http://google.com,HTTP/1.1,scenario_callGoogle_1,,301,,,http://google.com,
http_req_blocked,1622466873,0.002000,,,,true,,GET,http://google.com,HTTP/1.1,scenario_callGoogle_1,,301,,,http://google.com,
http_req_connecting,1622466873,0.000000,,,,true,,GET,http://google.com,HTTP/1.1,scenario_callGoogle_1,,301,,,http://google.com,
http_req_tls_handshaking,1622466873,0.000000,,,,true,,GET,http://google.com,HTTP/1.1,scenario_callGoogle_1,,301,,,http://google.com,
http_req_sending,1622466873,0.010000,,,,true,,GET,http://google.com,HTTP/1.1,scenario_callGoogle_1,,301,,,http://google.com,
http_req_waiting,1622466873,50.066000,,,,true,,GET,http://google.com,HTTP/1.1,scenario_callGoogle_1,,301,,,http://google.com,
http_req_receiving,1622466873,0.042000,,,,true,,GET,http://google.com,HTTP/1.1,scenario_callGoogle_1,,301,,,http://google.com,
http_req_failed,1622466873,0.000000,,,,true,,GET,http://google.com,HTTP/1.1,scenario_callGoogle_1,,301,,,http://google.com,
http_reqs,1622466873,1.000000,,,,true,,GET,http://www.google.com/,HTTP/1.1,scenario_callGoogle_1,,200,,,http://www.google.com/,
http_req_duration,1622466873,87.781000,,,,true,,GET,http://www.google.com/,HTTP/1.1,scenario_callGoogle_1,,200,,,http://www.google.com/,
http_req_blocked,1622466873,0.002000,,,,true,,GET,http://www.google.com/,HTTP/1.1,scenario_callGoogle_1,,200,,,http://www.google.com/,
http_req_connecting,1622466873,0.000000,,,,true,,GET,http://www.google.com/,HTTP/1.1,scenario_callGoogle_1,,200,,,http://www.google.com/,
http_req_tls_handshaking,1622466873,0.000000,,,,true,,GET,http://www.google.com/,HTTP/1.1,scenario_callGoogle_1,,200,,,http://www.google.com/,
http_req_sending,1622466873,0.010000,,,,true,,GET,http://www.google.com/,HTTP/1.1,scenario_callGoogle_1,,200,,,http://www.google.com/,
http_req_waiting,1622466873,82.775000,,,,true,,GET,http://www.google.com/,HTTP/1.1,scenario_callGoogle_1,,200,,,http://www.google.com/,
http_req_receiving,1622466873,4.996000,,,,true,,GET,http://www.google.com/,HTTP/1.1,scenario_callGoogle_1,,200,,,http://www.google.com/,
http_req_failed,1622466873,0.000000,,,,true,,GET,http://www.google.com/,HTTP/1.1,scenario_callGoogle_1,,200,,,http://www.google.com/,
data_sent,1622466873,184.000000,,,,,,,,,scenario_callGoogle_1,,,,,,
data_received,1622466873,15030.000000,,,,,,,,,scenario_callGoogle_1,,,,,,
iteration_duration,1622466873,137.997292,,,,,,,,,scenario_callGoogle_1,,,,,,
iterations,1622466873,1.000000,,,,,,,,,scenario_callGoogle_1,,,,,,
http_reqs,1622466873,1.000000,,,,true,,GET,http://google.com,HTTP/1.1,scenario_callGoogle_1,,301,,,http://google.com,
http_req_duration,1622466873,67.633000,,,,true,,GET,http://google.com,HTTP/1.1,scenario_callGoogle_1,,301,,,http://google.com,
http_req_blocked,1622466873,0.001000,,,,true,,GET,http://google.com,HTTP/1.1,scenario_callGoogle_1,,301,,,http://google.com,
http_req_connecting,1622466873,0.000000,,,,true,,GET,http://google.com,HTTP/1.1,scenario_callGoogle_1,,301,,,http://google.com,
http_req_tls_handshaking,1622466873,0.000000,,,,true,,GET,http://google.com,HTTP/1.1,scenario_callGoogle_1,,301,,,http://google.com,
http_req_sending,1622466873,0.010000,,,,true,,GET,http://google.com,HTTP/1.1,scenario_callGoogle_1,,301,,,http://google.com,
http_req_waiting,1622466873,67.571000,,,,true,,GET,http://google.com,HTTP/1.1,scenario_callGoogle_1,,301,,,http://google.com,
http_req_receiving,1622466873,0.052000,,,,true,,GET,http://google.com,HTTP/1.1,scenario_callGoogle_1,,301,,,http://google.com,
http_req_failed,1622466873,0.000000,,,,true,,GET,http://google.com,HTTP/1.1,scenario_callGoogle_1,,301,,,http://google.com,
vus,1622466873,1.000000,,,,,,,,,,,,,,,
vus_max,1622466873,12.000000,,,,,,,,,,,,,,,
http_reqs,1622466873,1.000000,,,,true,,GET,http://www.google.com/,HTTP/1.1,scenario_callGoogle_1,,200,,,http://www.google.com/,
http_req_duration,1622466873,91.684000,,,,true,,GET,http://www.google.com/,HTTP/1.1,scenario_callGoogle_1,,200,,,http://www.google.com/,
http_req_blocked,1622466873,0.002000,,,,true,,GET,http://www.google.com/,HTTP/1.1,scenario_callGoogle_1,,200,,,http://www.google.com/,
http_req_connecting,1622466873,0.000000,,,,true,,GET,http://www.google.com/,HTTP/1.1,scenario_callGoogle_1,,200,,,http://www.google.com/,
http_req_tls_handshaking,1622466873,0.000000,,,,true,,GET,http://www.google.com/,HTTP/1.1,scenario_callGoogle_1,,200,,,http://www.google.com/,
http_req_sending,1622466873,0.011000,,,,true,,GET,http://www.google.com/,HTTP/1.1,scenario_callGoogle_1,,200,,,http://www.google.com/,
http_req_waiting,1622466873,82.722000,,,,true,,GET,http://www.google.com/,HTTP/1.1,scenario_callGoogle_1,,200,,,http://www.google.com/,
http_req_receiving,1622466873,8.951000,,,,true,,GET,http://www.google.com/,HTTP/1.1,scenario_callGoogle_1,,200,,,http://www.google.com/,
http_req_failed,1622466873,0.000000,,,,true,,GET,http://www.google.com/,HTTP/1.1,scenario_callGoogle_1,,200,,,http://www.google.com/,
data_sent,1622466873,184.000000,,,,,,,,,scenario_callGoogle_1,,,,,,
data_received,1622466873,15031.000000,,,,,,,,,scenario_callGoogle_1,,,,,,
iteration_duration,1622466873,159.423791,,,,,,,,,scenario_callGoogle_1,,,,,,
iterations,1622466873,1.000000,,,,,,,,,scenario_callGoogle_1,,,,,,
http_reqs,1622466873,1.000000,,,,true,,GET,http://google.com,HTTP/1.1,scenario_callGoogle_1,,301,,,http://google.com,
http_req_duration,1622466873,58.691000,,,,true,,GET,http://google.com,HTTP/1.1,scenario_callGoogle_1,,301,,,http://google.com,
http_req_blocked,1622466873,0.003000,,,,true,,GET,http://google.com,HTTP/1.1,scenario_callGoogle_1,,301,,,http://google.com,
http_req_connecting,1622466873,0.000000,,,,true,,GET,http://google.com,HTTP/1.1,scenario_callGoogle_1,,301,,,http://google.com,
http_req_tls_handshaking,1622466873,0.000000,,,,true,,GET,http://google.com,HTTP/1.1,scenario_callGoogle_1,,301,,,http://google.com,
http_req_sending,1622466873,0.014000,,,,true,,GET,http://google.com,HTTP/1.1,scenario_callGoogle_1,,301,,,http://google.com,
http_req_waiting,1622466873,58.615000,,,,true,,GET,http://google.com,HTTP/1.1,scenario_callGoogle_1,,301,,,http://google.com,
http_req_receiving,1622466873,0.062000,,,,true,,GET,http://google.com,HTTP/1.1,scenario_callGoogle_1,,301,,,http://google.com,
http_req_failed,1622466873,0.000000,,,,true,,GET,http://google.com,HTTP/1.1,scenario_callGoogle_1,,301,,,http://google.com,
http_reqs,1622466873,1.000000,,,,true,,GET,http://www.google.com/,HTTP/1.1,scenario_callGoogle_1,,200,,,http://www.google.com/,
http_req_duration,1622466873,102.934000,,,,true,,GET,http://www.google.com/,HTTP/1.1,scenario_callGoogle_1,,200,,,http://www.google.com/,
http_req_blocked,1622466873,0.003000,,,,true,,GET,http://www.google.com/,HTTP/1.1,scenario_callGoogle_1,,200,,,http://www.google.com/,
http_req_connecting,1622466873,0.000000,,,,true,,GET,http://www.google.com/,HTTP/1.1,scenario_callGoogle_1,,200,,,http://www.google.com/,
http_req_tls_handshaking,1622466873,0.000000,,,,true,,GET,http://www.google.com/,HTTP/1.1,scenario_callGoogle_1,,200,,,http://www.google.com/,
http_req_sending,1622466873,0.015000,,,,true,,GET,http://www.google.com/,HTTP/1.1,scenario_callGoogle_1,,200,,,http://www.google.com/,
http_req_waiting,1622466873,90.058000,,,,true,,GET,http://www.google.com/,HTTP/1.1,scenario_callGoogle_1,,200,,,http://www.google.com/,
http_req_receiving,1622466873,12.861000,,,,true,,GET,http://www.google.com/,HTTP/1.1,scenario_callGoogle_1,,200,,,http://www.google.com/,
http_req_failed,1622466873,0.000000,,,,true,,GET,http://www.google.com/,HTTP/1.1,scenario_callGoogle_1,,200,,,http://www.google.com/,
data_sent,1622466873,184.000000,,,,,,,,,scenario_callGoogle_1,,,,,,
data_received,1622466873,15073.000000,,,,,,,,,scenario_callGoogle_1,,,,,,
iteration_duration,1622466873,161.786959,,,,,,,,,scenario_callGoogle_1,,,,,,
iterations,1622466873,1.000000,,,,,,,,,scenario_callGoogle_1,,,,,,
http_reqs,1622466873,1.000000,,,,true,,GET,http://google.com,HTTP/1.1,scenario_callGoogle_1,,301,,,http://google.com,
http_req_duration,1622466873,53.135000,,,,true,,GET,http://google.com,HTTP/1.1,scenario_callGoogle_1,,301,,,http://google.com,
http_req_blocked,1622466873,0.005000,,,,true,,GET,http://google.com,HTTP/1.1,scenario_callGoogle_1,,301,,,http://google.com,
http_req_connecting,1622466873,0.000000,,,,true,,GET,http://google.com,HTTP/1.1,scenario_callGoogle_1,,301,,,http://google.com,
http_req_tls_handshaking,1622466873,0.000000,,,,true,,GET,http://google.com,HTTP/1.1,scenario_callGoogle_1,,301,,,http://google.com,
http_req_sending,1622466873,0.026000,,,,true,,GET,http://google.com,HTTP/1.1,scenario_callGoogle_1,,301,,,http://google.com,
http_req_waiting,1622466873,52.913000,,,,true,,GET,http://google.com,HTTP/1.1,scenario_callGoogle_1,,301,,,http://google.com,
http_req_receiving,1622466873,0.196000,,,,true,,GET,http://google.com,HTTP/1.1,scenario_callGoogle_1,,301,,,http://google.com,
http_req_failed,1622466873,0.000000,,,,true,,GET,http://google.com,HTTP/1.1,scenario_callGoogle_1,,301,,,http://google.com,
http_reqs,1622466873,1.000000,,,,true,,GET,http://www.google.com/,HTTP/1.1,scenario_callGoogle_1,,200,,,http://www.google.com/,
http_req_duration,1622466873,93.320000,,,,true,,GET,http://www.google.com/,HTTP/1.1,scenario_callGoogle_1,,200,,,http://www.google.com/,
http_req_blocked,1622466873,0.009000,,,,true,,GET,http://www.google.com/,HTTP/1.1,scenario_callGoogle_1,,200,,,http://www.google.com/,
http_req_connecting,1622466873,0.000000,,,,true,,GET,http://www.google.com/,HTTP/1.1,scenario_callGoogle_1,,200,,,http://www.google.com/,
http_req_tls_handshaking,1622466873,0.000000,,,,true,,GET,http://www.google.com/,HTTP/1.1,scenario_callGoogle_1,,200,,,http://www.google.com/,
http_req_sending,1622466873,0.053000,,,,true,,GET,http://www.google.com/,HTTP/1.1,scenario_callGoogle_1,,200,,,http://www.google.com/,
http_req_waiting,1622466873,85.596000,,,,true,,GET,http://www.google.com/,HTTP/1.1,scenario_callGoogle_1,,200,,,http://www.google.com/,
http_req_receiving,1622466873,7.671000,,,,true,,GET,http://www.google.com/,HTTP/1.1,scenario_callGoogle_1,,200,,,http://www.google.com/,
http_req_failed,1622466873,0.000000,,,,true,,GET,http://www.google.com/,HTTP/1.1,scenario_callGoogle_1,,200,,,http://www.google.com/,
data_sent,1622466873,184.000000,,,,,,,,,scenario_callGoogle_1,,,,,,
data_received,1622466873,15077.000000,,,,,,,,,scenario_callGoogle_1,,,,,,
iteration_duration,1622466873,146.833333,,,,,,,,,scenario_callGoogle_1,,,,,,
iterations,1622466873,1.000000,,,,,,,,,scenario_callGoogle_1,,,,,,
http_reqs,1622466874,1.000000,,,,true,,GET,http://google.com,HTTP/1.1,scenario_callGoogle_1,,301,,,http://google.com,
http_req_duration,1622466874,58.918000,,,,true,,GET,http://google.com,HTTP/1.1,scenario_callGoogle_1,,301,,,http://google.com,
http_req_blocked,1622466874,0.009000,,,,true,,GET,http://google.com,HTTP/1.1,scenario_callGoogle_1,,301,,,http://google.com,
http_req_connecting,1622466874,0.000000,,,,true,,GET,http://google.com,HTTP/1.1,scenario_callGoogle_1,,301,,,http://google.com,
http_req_tls_handshaking,1622466874,0.000000,,,,true,,GET,http://google.com,HTTP/1.1,scenario_callGoogle_1,,301,,,http://google.com,
http_req_sending,1622466874,0.062000,,,,true,,GET,http://google.com,HTTP/1.1,scenario_callGoogle_1,,301,,,http://google.com,
http_req_waiting,1622466874,58.725000,,,,true,,GET,http://google.com,HTTP/1.1,scenario_callGoogle_1,,301,,,http://google.com,
http_req_receiving,1622466874,0.131000,,,,true,,GET,http://google.com,HTTP/1.1,scenario_callGoogle_1,,301,,,http://google.com,
http_req_failed,1622466874,0.000000,,,,true,,GET,http://google.com,HTTP/1.1,scenario_callGoogle_1,,301,,,http://google.com,
http_reqs,1622466874,1.000000,,,,true,,GET,http://www.google.com/,HTTP/1.1,scenario_callGoogle_1,,200,,,http://www.google.com/,
http_req_duration,1622466874,89.130000,,,,true,,GET,http://www.google.com/,HTTP/1.1,scenario_callGoogle_1,,200,,,http://www.google.com/,
http_req_blocked,1622466874,0.010000,,,,true,,GET,http://www.google.com/,HTTP/1.1,scenario_callGoogle_1,,200,,,http://www.google.com/,
http_req_connecting,1622466874,0.000000,,,,true,,GET,http://www.google.com/,HTTP/1.1,scenario_callGoogle_1,,200,,,http://www.google.com/,
http_req_tls_handshaking,1622466874,0.000000,,,,true,,GET,http://www.google.com/,HTTP/1.1,scenario_callGoogle_1,,200,,,http://www.google.com/,
http_req_sending,1622466874,0.030000,,,,true,,GET,http://www.google.com/,HTTP/1.1,scenario_callGoogle_1,,200,,,http://www.google.com/,
http_req_waiting,1622466874,82.084000,,,,true,,GET,http://www.google.com/,HTTP/1.1,scenario_callGoogle_1,,200,,,http://www.google.com/,
http_req_receiving,1622466874,7.016000,,,,true,,GET,http://www.google.com/,HTTP/1.1,scenario_callGoogle_1,,200,,,http://www.google.com/,
http_req_failed,1622466874,0.000000,,,,true,,GET,http://www.google.com/,HTTP/1.1,scenario_callGoogle_1,,200,,,http://www.google.com/,
data_sent,1622466874,184.000000,,,,,,,,,scenario_callGoogle_1,,,,,,
data_received,1622466874,15035.000000,,,,,,,,,scenario_callGoogle_1,,,,,,
iteration_duration,1622466874,148.545292,,,,,,,,,scenario_callGoogle_1,,,,,,
iterations,1622466874,1.000000,,,,,,,,,scenario_callGoogle_1,,,,,,
http_reqs,1622466874,1.000000,,,,true,,GET,http://google.com,HTTP/1.1,scenario_callGoogle_1,,301,,,http://google.com,
http_req_duration,1622466874,57.454000,,,,true,,GET,http://google.com,HTTP/1.1,scenario_callGoogle_1,,301,,,http://google.com,
http_req_blocked,1622466874,0.006000,,,,true,,GET,http://google.com,HTTP/1.1,scenario_callGoogle_1,,301,,,http://google.com,
http_req_connecting,1622466874,0.000000,,,,true,,GET,http://google.com,HTTP/1.1,scenario_callGoogle_1,,301,,,http://google.com,
http_req_tls_handshaking,1622466874,0.000000,,,,true,,GET,http://google.com,HTTP/1.1,scenario_callGoogle_1,,301,,,http://google.com,
http_req_sending,1622466874,0.044000,,,,true,,GET,http://google.com,HTTP/1.1,scenario_callGoogle_1,,301,,,http://google.com,
http_req_waiting,1622466874,57.253000,,,,true,,GET,http://google.com,HTTP/1.1,scenario_callGoogle_1,,301,,,http://google.com,
http_req_receiving,1622466874,0.157000,,,,true,,GET,http://google.com,HTTP/1.1,scenario_callGoogle_1,,301,,,http://google.com,
http_req_failed,1622466874,0.000000,,,,true,,GET,http://google.com,HTTP/1.1,scenario_callGoogle_1,,301,,,http://google.com,
http_reqs,1622466874,1.000000,,,,true,,GET,http://www.google.com/,HTTP/1.1,scenario_callGoogle_1,,200,,,http://www.google.com/,
http_req_duration,1622466874,103.746000,,,,true,,GET,http://www.google.com/,HTTP/1.1,scenario_callGoogle_1,,200,,,http://www.google.com/,
http_req_blocked,1622466874,0.008000,,,,true,,GET,http://www.google.com/,HTTP/1.1,scenario_callGoogle_1,,200,,,http://www.google.com/,
http_req_connecting,1622466874,0.000000,,,,true,,GET,http://www.google.com/,HTTP/1.1,scenario_callGoogle_1,,200,,,http://www.google.com/,
http_req_tls_handshaking,1622466874,0.000000,,,,true,,GET,http://www.google.com/,HTTP/1.1,scenario_callGoogle_1,,200,,,http://www.google.com/,
http_req_sending,1622466874,0.048000,,,,true,,GET,http://www.google.com/,HTTP/1.1,scenario_callGoogle_1,,200,,,http://www.google.com/,
http_req_waiting,1622466874,89.085000,,,,true,,GET,http://www.google.com/,HTTP/1.1,scenario_callGoogle_1,,200,,,http://www.google.com/,
http_req_receiving,1622466874,14.613000,,,,true,,GET,http://www.google.com/,HTTP/1.1,scenario_callGoogle_1,,200,,,http://www.google.com/,
http_req_failed,1622466874,0.000000,,,,true,,GET,http://www.google.com/,HTTP/1.1,scenario_callGoogle_1,,200,,,http://www.google.com/,
data_sent,1622466874,184.000000,,,,,,,,,scenario_callGoogle_1,,,,,,
data_received,1622466874,15048.000000,,,,,,,,,scenario_callGoogle_1,,,,,,
iteration_duration,1622466874,161.499292,,,,,,,,,scenario_callGoogle_1,,,,,,
iterations,1622466874,1.000000,,,,,,,,,scenario_callGoogle_1,,,,,,
vus,1622466874,0.000000,,,,,,,,,,,,,,,
vus_max,1622466874,12.000000,,,,,,,,,,,,,,,
http_reqs,1622466874,1.000000,,,,true,,GET,http://google.com,HTTP/1.1,scenario_callGoogle_2,,301,,,http://google.com,
http_req_duration,1622466874,51.576000,,,,true,,GET,http://google.com,HTTP/1.1,scenario_callGoogle_2,,301,,,http://google.com,
http_req_blocked,1622466874,37.171000,,,,true,,GET,http://google.com,HTTP/1.1,scenario_callGoogle_2,,301,,,http://google.com,
http_req_connecting,1622466874,37.068000,,,,true,,GET,http://google.com,HTTP/1.1,scenario_callGoogle_2,,301,,,http://google.com,
http_req_tls_handshaking,1622466874,0.000000,,,,true,,GET,http://google.com,HTTP/1.1,scenario_callGoogle_2,,301,,,http://google.com,
http_req_sending,1622466874,0.067000,,,,true,,GET,http://google.com,HTTP/1.1,scenario_callGoogle_2,,301,,,http://google.com,
http_req_waiting,1622466874,51.340000,,,,true,,GET,http://google.com,HTTP/1.1,scenario_callGoogle_2,,301,,,http://google.com,
http_req_receiving,1622466874,0.169000,,,,true,,GET,http://google.com,HTTP/1.1,scenario_callGoogle_2,,301,,,http://google.com,
http_req_failed,1622466874,0.000000,,,,true,,GET,http://google.com,HTTP/1.1,scenario_callGoogle_2,,301,,,http://google.com,
http_reqs,1622466874,1.000000,,,,true,,GET,http://google.com,HTTP/1.1,scenario_callGoogle_2,,301,,,http://google.com,
http_req_duration,1622466874,50.228000,,,,true,,GET,http://google.com,HTTP/1.1,scenario_callGoogle_2,,301,,,http://google.com,
http_req_blocked,1622466874,38.382000,,,,true,,GET,http://google.com,HTTP/1.1,scenario_callGoogle_2,,301,,,http://google.com,
http_req_connecting,1622466874,38.326000,,,,true,,GET,http://google.com,HTTP/1.1,scenario_callGoogle_2,,301,,,http://google.com,
http_req_tls_handshaking,1622466874,0.000000,,,,true,,GET,http://google.com,HTTP/1.1,scenario_callGoogle_2,,301,,,http://google.com,
http_req_sending,1622466874,0.068000,,,,true,,GET,http://google.com,HTTP/1.1,scenario_callGoogle_2,,301,,,http://google.com,
http_req_waiting,1622466874,49.992000,,,,true,,GET,http://google.com,HTTP/1.1,scenario_callGoogle_2,,301,,,http://google.com,
http_req_receiving,1622466874,0.168000,,,,true,,GET,http://google.com,HTTP/1.1,scenario_callGoogle_2,,301,,,http://google.com,
http_req_failed,1622466874,0.000000,,,,true,,GET,http://google.com,HTTP/1.1,scenario_callGoogle_2,,301,,,http://google.com,
http_reqs,1622466874,1.000000,,,,true,,GET,http://google.com,HTTP/1.1,scenario_callGoogle_2,,301,,,http://google.com,
http_req_duration,1622466874,55.790000,,,,true,,GET,http://google.com,HTTP/1.1,scenario_callGoogle_2,,301,,,http://google.com,
http_req_blocked,1622466874,32.933000,,,,true,,GET,http://google.com,HTTP/1.1,scenario_callGoogle_2,,301,,,http://google.com,
http_req_connecting,1622466874,32.869000,,,,true,,GET,http://google.com,HTTP/1.1,scenario_callGoogle_2,,301,,,http://google.com,
http_req_tls_handshaking,1622466874,0.000000,,,,true,,GET,http://google.com,HTTP/1.1,scenario_callGoogle_2,,301,,,http://google.com,
http_req_sending,1622466874,0.187000,,,,true,,GET,http://google.com,HTTP/1.1,scenario_callGoogle_2,,301,,,http://google.com,
http_req_waiting,1622466874,55.531000,,,,true,,GET,http://google.com,HTTP/1.1,scenario_callGoogle_2,,301,,,http://google.com,
http_req_receiving,1622466874,0.072000,,,,true,,GET,http://google.com,HTTP/1.1,scenario_callGoogle_2,,301,,,http://google.com,
http_req_failed,1622466874,0.000000,,,,true,,GET,http://google.com,HTTP/1.1,scenario_callGoogle_2,,301,,,http://google.com,
http_reqs,1622466874,1.000000,,,,true,,GET,http://google.com,HTTP/1.1,scenario_callGoogle_2,,301,,,http://google.com,
http_req_duration,1622466874,51.401000,,,,true,,GET,http://google.com,HTTP/1.1,scenario_callGoogle_2,,301,,,http://google.com,
http_req_blocked,1622466874,36.769000,,,,true,,GET,http://google.com,HTTP/1.1,scenario_callGoogle_2,,301,,,http://google.com,
http_req_connecting,1622466874,36.722000,,,,true,,GET,http://google.com,HTTP/1.1,scenario_callGoogle_2,,301,,,http://google.com,
http_req_tls_handshaking,1622466874,0.000000,,,,true,,GET,http://google.com,HTTP/1.1,scenario_callGoogle_2,,301,,,http://google.com,
http_req_sending,1622466874,0.035000,,,,true,,GET,http://google.com,HTTP/1.1,scenario_callGoogle_2,,301,,,http://google.com,
http_req_waiting,1622466874,51.207000,,,,true,,GET,http://google.com,HTTP/1.1,scenario_callGoogle_2,,301,,,http://google.com,
http_req_receiving,1622466874,0.159000,,,,true,,GET,http://google.com,HTTP/1.1,scenario_callGoogle_2,,301,,,http://google.com,
http_req_failed,1622466874,0.000000,,,,true,,GET,http://google.com,HTTP/1.1,scenario_callGoogle_2,,301,,,http://google.com,
http_reqs,1622466874,1.000000,,,,true,,GET,http://google.com,HTTP/1.1,scenario_callGoogle_2,,301,,,http://google.com,
http_req_duration,1622466874,55.746000,,,,true,,GET,http://google.com,HTTP/1.1,scenario_callGoogle_2,,301,,,http://google.com,
http_req_blocked,1622466874,32.811000,,,,true,,GET,http://google.com,HTTP/1.1,scenario_callGoogle_2,,301,,,http://google.com,
http_req_connecting,1622466874,32.697000,,,,true,,GET,http://google.com,HTTP/1.1,scenario_callGoogle_2,,301,,,http://google.com,
http_req_tls_handshaking,1622466874,0.000000,,,,true,,GET,http://google.com,HTTP/1.1,scenario_callGoogle_2,,301,,,http://google.com,
http_req_sending,1622466874,0.164000,,,,true,,GET,http://google.com,HTTP/1.1,scenario_callGoogle_2,,301,,,http://google.com,
http_req_waiting,1622466874,55.497000,,,,true,,GET,http://google.com,HTTP/1.1,scenario_callGoogle_2,,301,,,http://google.com,
http_req_receiving,1622466874,0.085000,,,,true,,GET,http://google.com,HTTP/1.1,scenario_callGoogle_2,,301,,,http://google.com,
http_req_failed,1622466874,0.000000,,,,true,,GET,http://google.com,HTTP/1.1,scenario_callGoogle_2,,301,,,http://google.com,
http_reqs,1622466874,1.000000,,,,true,,GET,http://google.com,HTTP/1.1,scenario_callGoogle_2,,301,,,http://google.com,
http_req_duration,1622466874,55.737000,,,,true,,GET,http://google.com,HTTP/1.1,scenario_callGoogle_2,,301,,,http://google.com,
http_req_blocked,1622466874,32.984000,,,,true,,GET,http://google.com,HTTP/1.1,scenario_callGoogle_2,,301,,,http://google.com,
http_req_connecting,1622466874,32.938000,,,,true,,GET,http://google.com,HTTP/1.1,scenario_callGoogle_2,,301,,,http://google.com,
http_req_tls_handshaking,1622466874,0.000000,,,,true,,GET,http://google.com,HTTP/1.1,scenario_callGoogle_2,,301,,,http://google.com,
http_req_sending,1622466874,0.078000,,,,true,,GET,http://google.com,HTTP/1.1,scenario_callGoogle_2,,301,,,http://google.com,
http_req_waiting,1622466874,55.602000,,,,true,,GET,http://google.com,HTTP/1.1,scenario_callGoogle_2,,301,,,http://google.com,
http_req_receiving,1622466874,0.057000,,,,true,,GET,http://google.com,HTTP/1.1,scenario_callGoogle_2,,301,,,http://google.com,
http_req_failed,1622466874,0.000000,,,,true,,GET,http://google.com,HTTP/1.1,scenario_callGoogle_2,,301,,,http://google.com,
http_reqs,1622466874,1.000000,,,,true,,GET,http://google.com,HTTP/1.1,scenario_callGoogle_2,,301,,,http://google.com,
http_req_duration,1622466874,52.606000,,,,true,,GET,http://google.com,HTTP/1.1,scenario_callGoogle_2,,301,,,http://google.com,
http_req_blocked,1622466874,36.133000,,,,true,,GET,http://google.com,HTTP/1.1,scenario_callGoogle_2,,301,,,http://google.com,
http_req_connecting,1622466874,35.616000,,,,true,,GET,http://google.com,HTTP/1.1,scenario_callGoogle_2,,301,,,http://google.com,
http_req_tls_handshaking,1622466874,0.000000,,,,true,,GET,http://google.com,HTTP/1.1,scenario_callGoogle_2,,301,,,http://google.com,
http_req_sending,1622466874,0.086000,,,,true,,GET,http://google.com,HTTP/1.1,scenario_callGoogle_2,,301,,,http://google.com,
http_req_waiting,1622466874,52.384000,,,,true,,GET,http://google.com,HTTP/1.1,scenario_callGoogle_2,,301,,,http://google.com,
http_req_receiving,1622466874,0.136000,,,,true,,GET,http://google.com,HTTP/1.1,scenario_callGoogle_2,,301,,,http://google.com,
http_req_failed,1622466874,0.000000,,,,true,,GET,http://google.com,HTTP/1.1,scenario_callGoogle_2,,301,,,http://google.com,
http_reqs,1622466874,1.000000,,,,true,,GET,http://google.com,HTTP/1.1,scenario_callGoogle_2,,301,,,http://google.com,
http_req_duration,1622466874,57.718000,,,,true,,GET,http://google.com,HTTP/1.1,scenario_callGoogle_2,,301,,,http://google.com,
http_req_blocked,1622466874,38.514000,,,,true,,GET,http://google.com,HTTP/1.1,scenario_callGoogle_2,,301,,,http://google.com,
http_req_connecting,1622466874,38.022000,,,,true,,GET,http://google.com,HTTP/1.1,scenario_callGoogle_2,,301,,,http://google.com,
http_req_tls_handshaking,1622466874,0.000000,,,,true,,GET,http://google.com,HTTP/1.1,scenario_callGoogle_2,,301,,,http://google.com,
http_req_sending,1622466874,0.061000,,,,true,,GET,http://google.com,HTTP/1.1,scenario_callGoogle_2,,301,,,http://google.com,
http_req_waiting,1622466874,57.531000,,,,true,,GET,http://google.com,HTTP/1.1,scenario_callGoogle_2,,301,,,http://google.com,
http_req_receiving,1622466874,0.126000,,,,true,,GET,http://google.com,HTTP/1.1,scenario_callGoogle_2,,301,,,http://google.com,
http_req_failed,1622466874,0.000000,,,,true,,GET,http://google.com,HTTP/1.1,scenario_callGoogle_2,,301,,,http://google.com,
http_reqs,1622466874,1.000000,,,,true,,GET,http://google.com,HTTP/1.1,scenario_callGoogle_2,,301,,,http://google.com,
http_req_duration,1622466874,59.165000,,,,true,,GET,http://google.com,HTTP/1.1,scenario_callGoogle_2,,301,,,http://google.com,
http_req_blocked,1622466874,38.136000,,,,true,,GET,http://google.com,HTTP/1.1,scenario_callGoogle_2,,301,,,http://google.com,
http_req_connecting,1622466874,38.095000,,,,true,,GET,http://google.com,HTTP/1.1,scenario_callGoogle_2,,301,,,http://google.com,
http_req_tls_handshaking,1622466874,0.000000,,,,true,,GET,http://google.com,HTTP/1.1,scenario_callGoogle_2,,301,,,http://google.com,
http_req_sending,1622466874,0.069000,,,,true,,GET,http://google.com,HTTP/1.1,scenario_callGoogle_2,,301,,,http://google.com,
http_req_waiting,1622466874,59.024000,,,,true,,GET,http://google.com,HTTP/1.1,scenario_callGoogle_2,,301,,,http://google.com,
http_req_receiving,1622466874,0.072000,,,,true,,GET,http://google.com,HTTP/1.1,scenario_callGoogle_2,,301,,,http://google.com,
http_req_failed,1622466874,0.000000,,,,true,,GET,http://google.com,HTTP/1.1,scenario_callGoogle_2,,301,,,http://google.com,
http_reqs,1622466874,1.000000,,,,true,,GET,http://google.com,HTTP/1.1,scenario_callGoogle_2,,301,,,http://google.com,
http_req_duration,1622466874,63.994000,,,,true,,GET,http://google.com,HTTP/1.1,scenario_callGoogle_2,,301,,,http://google.com,
http_req_blocked,1622466874,36.131000,,,,true,,GET,http://google.com,HTTP/1.1,scenario_callGoogle_2,,301,,,http://google.com,
http_req_connecting,1622466874,35.859000,,,,true,,GET,http://google.com,HTTP/1.1,scenario_callGoogle_2,,301,,,http://google.com,
http_req_tls_handshaking,1622466874,0.000000,,,,true,,GET,http://google.com,HTTP/1.1,scenario_callGoogle_2,,301,,,http://google.com,
http_req_sending,1622466874,0.063000,,,,true,,GET,http://google.com,HTTP/1.1,scenario_callGoogle_2,,301,,,http://google.com,
http_req_waiting,1622466874,63.844000,,,,true,,GET,http://google.com,HTTP/1.1,scenario_callGoogle_2,,301,,,http://google.com,
http_req_receiving,1622466874,0.087000,,,,true,,GET,http://google.com,HTTP/1.1,scenario_callGoogle_2,,301,,,http://google.com,
http_req_failed,1622466874,0.000000,,,,true,,GET,http://google.com,HTTP/1.1,scenario_callGoogle_2,,301,,,http://google.com,
http_reqs,1622466874,1.000000,,,,true,,GET,http://www.google.com/,HTTP/1.1,scenario_callGoogle_2,,200,,,http://www.google.com/,
http_req_duration,1622466874,120.787000,,,,true,,GET,http://www.google.com/,HTTP/1.1,scenario_callGoogle_2,,200,,,http://www.google.com/,
http_req_blocked,1622466874,34.813000,,,,true,,GET,http://www.google.com/,HTTP/1.1,scenario_callGoogle_2,,200,,,http://www.google.com/,
http_req_connecting,1622466874,34.738000,,,,true,,GET,http://www.google.com/,HTTP/1.1,scenario_callGoogle_2,,200,,,http://www.google.com/,
http_req_tls_handshaking,1622466874,0.000000,,,,true,,GET,http://www.google.com/,HTTP/1.1,scenario_callGoogle_2,,200,,,http://www.google.com/,
http_req_sending,1622466874,0.157000,,,,true,,GET,http://www.google.com/,HTTP/1.1,scenario_callGoogle_2,,200,,,http://www.google.com/,
http_req_waiting,1622466874,80.748000,,,,true,,GET,http://www.google.com/,HTTP/1.1,scenario_callGoogle_2,,200,,,http://www.google.com/,
http_req_receiving,1622466874,39.882000,,,,true,,GET,http://www.google.com/,HTTP/1.1,scenario_callGoogle_2,,200,,,http://www.google.com/,
http_req_failed,1622466874,0.000000,,,,true,,GET,http://www.google.com/,HTTP/1.1,scenario_callGoogle_2,,200,,,http://www.google.com/,
data_sent,1622466874,184.000000,,,,,,,,,scenario_callGoogle_2,,,,,,
data_received,1622466874,15075.000000,,,,,,,,,scenario_callGoogle_2,,,,,,
iteration_duration,1622466874,244.326334,,,,,,,,,scenario_callGoogle_2,,,,,,
iterations,1622466874,1.000000,,,,,,,,,scenario_callGoogle_2,,,,,,
http_reqs,1622466874,1.000000,,,,true,,GET,http://www.google.com/,HTTP/1.1,scenario_callGoogle_2,,200,,,http://www.google.com/,
http_req_duration,1622466874,129.729000,,,,true,,GET,http://www.google.com/,HTTP/1.1,scenario_callGoogle_2,,200,,,http://www.google.com/,
http_req_blocked,1622466874,35.004000,,,,true,,GET,http://www.google.com/,HTTP/1.1,scenario_callGoogle_2,,200,,,http://www.google.com/,
http_req_connecting,1622466874,34.583000,,,,true,,GET,http://www.google.com/,HTTP/1.1,scenario_callGoogle_2,,200,,,http://www.google.com/,
http_req_tls_handshaking,1622466874,0.000000,,,,true,,GET,http://www.google.com/,HTTP/1.1,scenario_callGoogle_2,,200,,,http://www.google.com/,
http_req_sending,1622466874,0.089000,,,,true,,GET,http://www.google.com/,HTTP/1.1,scenario_callGoogle_2,,200,,,http://www.google.com/,
http_req_waiting,1622466874,95.974000,,,,true,,GET,http://www.google.com/,HTTP/1.1,scenario_callGoogle_2,,200,,,http://www.google.com/,
http_req_receiving,1622466874,33.666000,,,,true,,GET,http://www.google.com/,HTTP/1.1,scenario_callGoogle_2,,200,,,http://www.google.com/,
http_req_failed,1622466874,0.000000,,,,true,,GET,http://www.google.com/,HTTP/1.1,scenario_callGoogle_2,,200,,,http://www.google.com/,
http_reqs,1622466874,1.000000,,,,true,,GET,http://www.google.com/,HTTP/1.1,scenario_callGoogle_2,,200,,,http://www.google.com/,
http_req_duration,1622466874,123.497000,,,,true,,GET,http://www.google.com/,HTTP/1.1,scenario_callGoogle_2,,200,,,http://www.google.com/,
http_req_blocked,1622466874,29.848000,,,,true,,GET,http://www.google.com/,HTTP/1.1,scenario_callGoogle_2,,200,,,http://www.google.com/,
http_req_connecting,1622466874,29.781000,,,,true,,GET,http://www.google.com/,HTTP/1.1,scenario_callGoogle_2,,200,,,http://www.google.com/,
http_req_tls_handshaking,1622466874,0.000000,,,,true,,GET,http://www.google.com/,HTTP/1.1,scenario_callGoogle_2,,200,,,http://www.google.com/,
http_req_sending,1622466874,0.045000,,,,true,,GET,http://www.google.com/,HTTP/1.1,scenario_callGoogle_2,,200,,,http://www.google.com/,
http_req_waiting,1622466874,93.951000,,,,true,,GET,http://www.google.com/,HTTP/1.1,scenario_callGoogle_2,,200,,,http://www.google.com/,
http_req_receiving,1622466874,29.501000,,,,true,,GET,http://www.google.com/,HTTP/1.1,scenario_callGoogle_2,,200,,,http://www.google.com/,
http_req_failed,1622466874,0.000000,,,,true,,GET,http://www.google.com/,HTTP/1.1,scenario_callGoogle_2,,200,,,http://www.google.com/,
http_reqs,1622466874,1.000000,,,,true,,GET,http://www.google.com/,HTTP/1.1,scenario_callGoogle_2,,200,,,http://www.google.com/,
http_req_duration,1622466874,129.782000,,,,true,,GET,http://www.google.com/,HTTP/1.1,scenario_callGoogle_2,,200,,,http://www.google.com/,
http_req_blocked,1622466874,34.866000,,,,true,,GET,http://www.google.com/,HTTP/1.1,scenario_callGoogle_2,,200,,,http://www.google.com/,
http_req_connecting,1622466874,34.801000,,,,true,,GET,http://www.google.com/,HTTP/1.1,scenario_callGoogle_2,,200,,,http://www.google.com/,
http_req_tls_handshaking,1622466874,0.000000,,,,true,,GET,http://www.google.com/,HTTP/1.1,scenario_callGoogle_2,,200,,,http://www.google.com/,
http_req_sending,1622466874,0.100000,,,,true,,GET,http://www.google.com/,HTTP/1.1,scenario_callGoogle_2,,200,,,http://www.google.com/,
http_req_waiting,1622466874,84.075000,,,,true,,GET,http://www.google.com/,HTTP/1.1,scenario_callGoogle_2,,200,,,http://www.google.com/,
http_req_receiving,1622466874,45.607000,,,,true,,GET,http://www.google.com/,HTTP/1.1,scenario_callGoogle_2,,200,,,http://www.google.com/,
http_req_failed,1622466874,0.000000,,,,true,,GET,http://www.google.com/,HTTP/1.1,scenario_callGoogle_2,,200,,,http://www.google.com/,
data_sent,1622466874,184.000000,,,,,,,,,scenario_callGoogle_2,,,,,,
data_received,1622466874,15062.000000,,,,,,,,,scenario_callGoogle_2,,,,,,
iteration_duration,1622466874,253.906375,,,,,,,,,scenario_callGoogle_2,,,,,,
iterations,1622466874,1.000000,,,,,,,,,scenario_callGoogle_2,,,,,,
data_sent,1622466874,184.000000,,,,,,,,,scenario_callGoogle_2,,,,,,
data_received,1622466874,15047.000000,,,,,,,,,scenario_callGoogle_2,,,,,,
iteration_duration,1622466874,253.161375,,,,,,,,,scenario_callGoogle_2,,,,,,
iterations,1622466874,1.000000,,,,,,,,,scenario_callGoogle_2,,,,,,
data_sent,1622466874,184.000000,,,,,,,,,scenario_callGoogle_2,,,,,,
data_received,1622466874,15054.000000,,,,,,,,,scenario_callGoogle_2,,,,,,
iteration_duration,1622466874,253.926875,,,,,,,,,scenario_callGoogle_2,,,,,,
iterations,1622466874,1.000000,,,,,,,,,scenario_callGoogle_2,,,,,,
http_reqs,1622466874,1.000000,,,,true,,GET,http://www.google.com/,HTTP/1.1,scenario_callGoogle_2,,200,,,http://www.google.com/,
http_req_duration,1622466874,127.351000,,,,true,,GET,http://www.google.com/,HTTP/1.1,scenario_callGoogle_2,,200,,,http://www.google.com/,
http_req_blocked,1622466874,29.498000,,,,true,,GET,http://www.google.com/,HTTP/1.1,scenario_callGoogle_2,,200,,,http://www.google.com/,
http_req_connecting,1622466874,29.441000,,,,true,,GET,http://www.google.com/,HTTP/1.1,scenario_callGoogle_2,,200,,,http://www.google.com/,
http_req_tls_handshaking,1622466874,0.000000,,,,true,,GET,http://www.google.com/,HTTP/1.1,scenario_callGoogle_2,,200,,,http://www.google.com/,
http_req_sending,1622466874,0.063000,,,,true,,GET,http://www.google.com/,HTTP/1.1,scenario_callGoogle_2,,200,,,http://www.google.com/,
http_req_waiting,1622466874,92.747000,,,,true,,GET,http://www.google.com/,HTTP/1.1,scenario_callGoogle_2,,200,,,http://www.google.com/,
http_req_receiving,1622466874,34.541000,,,,true,,GET,http://www.google.com/,HTTP/1.1,scenario_callGoogle_2,,200,,,http://www.google.com/,
http_req_failed,1622466874,0.000000,,,,true,,GET,http://www.google.com/,HTTP/1.1,scenario_callGoogle_2,,200,,,http://www.google.com/,
data_sent,1622466874,184.000000,,,,,,,,,scenario_callGoogle_2,,,,,,
data_received,1622466874,15141.000000,,,,,,,,,scenario_callGoogle_2,,,,,,
iteration_duration,1622466874,254.307459,,,,,,,,,scenario_callGoogle_2,,,,,,
iterations,1622466874,1.000000,,,,,,,,,scenario_callGoogle_2,,,,,,
http_reqs,1622466874,1.000000,,,,true,,GET,http://www.google.com/,HTTP/1.1,scenario_callGoogle_2,,200,,,http://www.google.com/,
http_req_duration,1622466874,132.899000,,,,true,,GET,http://www.google.com/,HTTP/1.1,scenario_callGoogle_2,,200,,,http://www.google.com/,
http_req_blocked,1622466874,35.889000,,,,true,,GET,http://www.google.com/,HTTP/1.1,scenario_callGoogle_2,,200,,,http://www.google.com/,
http_req_connecting,1622466874,35.838000,,,,true,,GET,http://www.google.com/,HTTP/1.1,scenario_callGoogle_2,,200,,,http://www.google.com/,
http_req_tls_handshaking,1622466874,0.000000,,,,true,,GET,http://www.google.com/,HTTP/1.1,scenario_callGoogle_2,,200,,,http://www.google.com/,
http_req_sending,1622466874,0.062000,,,,true,,GET,http://www.google.com/,HTTP/1.1,scenario_callGoogle_2,,200,,,http://www.google.com/,
http_req_waiting,1622466874,102.838000,,,,true,,GET,http://www.google.com/,HTTP/1.1,scenario_callGoogle_2,,200,,,http://www.google.com/,
http_req_receiving,1622466874,29.999000,,,,true,,GET,http://www.google.com/,HTTP/1.1,scenario_callGoogle_2,,200,,,http://www.google.com/,
http_req_failed,1622466874,0.000000,,,,true,,GET,http://www.google.com/,HTTP/1.1,scenario_callGoogle_2,,200,,,http://www.google.com/,
data_sent,1622466874,184.000000,,,,,,,,,scenario_callGoogle_2,,,,,,
data_received,1622466874,15884.000000,,,,,,,,,scenario_callGoogle_2,,,,,,
iteration_duration,1622466874,257.718917,,,,,,,,,scenario_callGoogle_2,,,,,,
iterations,1622466874,1.000000,,,,,,,,,scenario_callGoogle_2,,,,,,
http_reqs,1622466874,1.000000,,,,true,,GET,http://www.google.com/,HTTP/1.1,scenario_callGoogle_2,,200,,,http://www.google.com/,
http_req_duration,1622466874,135.147000,,,,true,,GET,http://www.google.com/,HTTP/1.1,scenario_callGoogle_2,,200,,,http://www.google.com/,
http_req_blocked,1622466874,37.816000,,,,true,,GET,http://www.google.com/,HTTP/1.1,scenario_callGoogle_2,,200,,,http://www.google.com/,
http_req_connecting,1622466874,37.731000,,,,true,,GET,http://www.google.com/,HTTP/1.1,scenario_callGoogle_2,,200,,,http://www.google.com/,
http_req_tls_handshaking,1622466874,0.000000,,,,true,,GET,http://www.google.com/,HTTP/1.1,scenario_callGoogle_2,,200,,,http://www.google.com/,
http_req_sending,1622466874,0.067000,,,,true,,GET,http://www.google.com/,HTTP/1.1,scenario_callGoogle_2,,200,,,http://www.google.com/,
http_req_waiting,1622466874,96.193000,,,,true,,GET,http://www.google.com/,HTTP/1.1,scenario_callGoogle_2,,200,,,http://www.google.com/,
http_req_receiving,1622466874,38.887000,,,,true,,GET,http://www.google.com/,HTTP/1.1,scenario_callGoogle_2,,200,,,http://www.google.com/,
http_req_failed,1622466874,0.000000,,,,true,,GET,http://www.google.com/,HTTP/1.1,scenario_callGoogle_2,,200,,,http://www.google.com/,
data_sent,1622466874,184.000000,,,,,,,,,scenario_callGoogle_2,,,,,,
data_received,1622466874,15099.000000,,,,,,,,,scenario_callGoogle_2,,,,,,
iteration_duration,1622466874,261.831125,,,,,,,,,scenario_callGoogle_2,,,,,,
iterations,1622466874,1.000000,,,,,,,,,scenario_callGoogle_2,,,,,,
http_reqs,1622466874,1.000000,,,,true,,GET,http://www.google.com/,HTTP/1.1,scenario_callGoogle_2,,200,,,http://www.google.com/,
http_req_duration,1622466874,136.674000,,,,true,,GET,http://www.google.com/,HTTP/1.1,scenario_callGoogle_2,,200,,,http://www.google.com/,
http_req_blocked,1622466874,39.765000,,,,true,,GET,http://www.google.com/,HTTP/1.1,scenario_callGoogle_2,,200,,,http://www.google.com/,
http_req_connecting,1622466874,39.520000,,,,true,,GET,http://www.google.com/,HTTP/1.1,scenario_callGoogle_2,,200,,,http://www.google.com/,
http_req_tls_handshaking,1622466874,0.000000,,,,true,,GET,http://www.google.com/,HTTP/1.1,scenario_callGoogle_2,,200,,,http://www.google.com/,
http_req_sending,1622466874,0.060000,,,,true,,GET,http://www.google.com/,HTTP/1.1,scenario_callGoogle_2,,200,,,http://www.google.com/,
http_req_waiting,1622466874,105.409000,,,,true,,GET,http://www.google.com/,HTTP/1.1,scenario_callGoogle_2,,200,,,http://www.google.com/,
http_req_receiving,1622466874,31.205000,,,,true,,GET,http://www.google.com/,HTTP/1.1,scenario_callGoogle_2,,200,,,http://www.google.com/,
http_req_failed,1622466874,0.000000,,,,true,,GET,http://www.google.com/,HTTP/1.1,scenario_callGoogle_2,,200,,,http://www.google.com/,
data_sent,1622466874,184.000000,,,,,,,,,scenario_callGoogle_2,,,,,,
data_received,1622466874,15043.000000,,,,,,,,,scenario_callGoogle_2,,,,,,
iteration_duration,1622466874,265.268791,,,,,,,,,scenario_callGoogle_2,,,,,,
iterations,1622466874,1.000000,,,,,,,,,scenario_callGoogle_2,,,,,,
http_reqs,1622466874,1.000000,,,,true,,GET,http://www.google.com/,HTTP/1.1,scenario_callGoogle_2,,200,,,http://www.google.com/,
http_req_duration,1622466874,145.068000,,,,true,,GET,http://www.google.com/,HTTP/1.1,scenario_callGoogle_2,,200,,,http://www.google.com/,
http_req_blocked,1622466874,30.357000,,,,true,,GET,http://www.google.com/,HTTP/1.1,scenario_callGoogle_2,,200,,,http://www.google.com/,
http_req_connecting,1622466874,30.283000,,,,true,,GET,http://www.google.com/,HTTP/1.1,scenario_callGoogle_2,,200,,,http://www.google.com/,
http_req_tls_handshaking,1622466874,0.000000,,,,true,,GET,http://www.google.com/,HTTP/1.1,scenario_callGoogle_2,,200,,,http://www.google.com/,
http_req_sending,1622466874,0.064000,,,,true,,GET,http://www.google.com/,HTTP/1.1,scenario_callGoogle_2,,200,,,http://www.google.com/,
http_req_waiting,1622466874,112.624000,,,,true,,GET,http://www.google.com/,HTTP/1.1,scenario_callGoogle_2,,200,,,http://www.google.com/,
http_req_receiving,1622466874,32.380000,,,,true,,GET,http://www.google.com/,HTTP/1.1,scenario_callGoogle_2,,200,,,http://www.google.com/,
http_req_failed,1622466874,0.000000,,,,true,,GET,http://www.google.com/,HTTP/1.1,scenario_callGoogle_2,,200,,,http://www.google.com/,
http_reqs,1622466874,1.000000,,,,true,,GET,http://www.google.com/,HTTP/1.1,scenario_callGoogle_2,,200,,,http://www.google.com/,
http_req_duration,1622466874,143.087000,,,,true,,GET,http://www.google.com/,HTTP/1.1,scenario_callGoogle_2,,200,,,http://www.google.com/,
http_req_blocked,1622466874,39.612000,,,,true,,GET,http://www.google.com/,HTTP/1.1,scenario_callGoogle_2,,200,,,http://www.google.com/,
http_req_connecting,1622466874,39.541000,,,,true,,GET,http://www.google.com/,HTTP/1.1,scenario_callGoogle_2,,200,,,http://www.google.com/,
http_req_tls_handshaking,1622466874,0.000000,,,,true,,GET,http://www.google.com/,HTTP/1.1,scenario_callGoogle_2,,200,,,http://www.google.com/,
http_req_sending,1622466874,0.087000,,,,true,,GET,http://www.google.com/,HTTP/1.1,scenario_callGoogle_2,,200,,,http://www.google.com/,
http_req_waiting,1622466874,106.731000,,,,true,,GET,http://www.google.com/,HTTP/1.1,scenario_callGoogle_2,,200,,,http://www.google.com/,
http_req_receiving,1622466874,36.269000,,,,true,,GET,http://www.google.com/,HTTP/1.1,scenario_callGoogle_2,,200,,,http://www.google.com/,
http_req_failed,1622466874,0.000000,,,,true,,GET,http://www.google.com/,HTTP/1.1,scenario_callGoogle_2,,200,,,http://www.google.com/,
data_sent,1622466874,184.000000,,,,,,,,,scenario_callGoogle_2,,,,,,
data_received,1622466874,15001.000000,,,,,,,,,scenario_callGoogle_2,,,,,,
iteration_duration,1622466874,272.084459,,,,,,,,,scenario_callGoogle_2,,,,,,
iterations,1622466874,1.000000,,,,,,,,,scenario_callGoogle_2,,,,,,
data_sent,1622466874,184.000000,,,,,,,,,scenario_callGoogle_2,,,,,,
data_received,1622466874,15052.000000,,,,,,,,,scenario_callGoogle_2,,,,,,
iteration_duration,1622466874,272.084125,,,,,,,,,scenario_callGoogle_2,,,,,,
iterations,1622466874,1.000000,,,,,,,,,scenario_callGoogle_2,,,,,,
